quintil,t,SPX_ret,SPX_cumret,CMC200_ret,CMC200_cumret
1,1,0.006138,0.006138,0.000706,0.000706
1,2,0.047448,0.053877,0.101711,0.102489
1,3,-0.036357,0.015562,-0.080460,0.013783
1,4,0.046104,0.062383,0.102157,0.117348
1,5,-0.008589,0.053258,-0.020126,0.094861
1,6,-0.007923,0.044913,-0.019706,0.073286
1,7,0.004200,0.049302,0.002065,0.075502
1,8,0.004376,0.053894,0.002889,0.078609
1,9,-0.006657,0.046878,-0.017134,0.060128
1,10,-0.006335,0.040246,-0.016412,0.042729
1,11,-0.005986,0.034019,-0.015594,0.026469
1,12,-0.005725,0.028099,-0.014880,0.011195
1,13,-0.005568,0.022374,-0.014352,-0.003318
1,14,0.015945,0.038676,0.027229,0.023821
1,15,-0.006297,0.032135,-0.014941,0.008524
1,16,0.016877,0.049554,0.028422,0.037189
1,17,-0.006968,0.042240,-0.016358,0.020223
1,18,-0.032157,0.008725,-0.081306,-0.062728
1,19,0.015961,0.024825,0.027205,-0.037229
1,20,0.016104,0.041328,0.027454,-0.010797
1,21,-0.031337,0.008696,-0.082129,-0.092039
1,22,0.016102,0.024938,0.027227,-0.067318
1,23,-0.006591,0.018183,-0.013993,-0.080369
1,24,0.003631,0.021879,0.006263,-0.074610
1,25,0.045123,0.067990,0.105286,0.022821
1,26,0.044317,0.115320,0.104037,0.129232
1,27,-0.009827,0.104360,-0.021143,0.105356
1,28,-0.036528,0.064020,-0.079620,0.017348
1,29,-0.007043,0.056527,-0.018625,-0.001600
1,30,-0.031755,0.022977,-0.079645,-0.081118
1,31,0.003055,0.026103,0.005987,-0.075616
1,32,-0.004829,0.021148,-0.011977,-0.086688
1,33,-0.005098,0.015942,-0.012090,-0.097730
1,34,0.015765,0.031958,0.026321,-0.073981
1,35,-0.030626,0.000353,-0.083165,-0.150994
1,36,-0.029518,-0.029175,-0.081287,-0.220007
1,37,-0.004821,-0.033855,-0.010157,-0.227929
1,38,0.014830,-0.019527,0.024484,-0.209026
1,39,-0.029154,-0.048112,-0.083422,-0.275011
1,40,-0.028447,-0.075190,-0.081808,-0.334321
1,41,0.014680,-0.061614,0.024055,-0.318308
1,42,0.015408,-0.047156,0.024786,-0.301411
1,43,-0.006649,-0.053491,-0.012471,-0.310123
1,44,0.044919,-0.010975,0.106075,-0.236945
1,45,0.044249,0.032788,0.104564,-0.157157
1,46,0.043757,0.077979,0.102872,-0.070452
1,47,0.002692,0.080881,-0.001206,-0.071573
1,48,0.020167,0.102680,0.034947,-0.039127
1,49,0.043619,0.150778,0.100219,0.057171
1,50,-0.039471,0.105356,-0.078903,-0.026243
1,51,-0.036749,0.064735,-0.077202,-0.101419
1,52,-0.006036,0.058308,-0.017526,-0.117167
1,53,0.014534,0.073690,0.026622,-0.093664
1,54,-0.005745,0.067521,-0.014371,-0.106689
1,55,0.045177,0.115749,0.104888,-0.012991
1,56,0.004002,0.120214,0.004296,-0.008751
1,57,0.004059,0.124761,0.003375,-0.005405
1,58,-0.034280,0.086204,-0.080672,-0.085641
1,59,0.016471,0.104095,0.028359,-0.059710
1,60,-0.006551,0.096861,-0.015745,-0.074515
1,61,0.004003,0.101252,0.005100,-0.069795
1,62,0.016377,0.119287,0.028146,-0.043613
1,63,-0.007036,0.111412,-0.016451,-0.059347
1,64,0.016974,0.130277,0.028923,-0.032141
1,65,0.017356,0.149894,0.029795,-0.003303
1,66,0.044528,0.201096,0.103688,0.100043
1,67,-0.009217,0.190025,-0.020857,0.077099
1,68,0.044576,0.243072,0.102190,0.187168
1,69,-0.036464,0.197744,-0.079908,0.092305
1,70,-0.007859,0.188330,-0.019868,0.070603
1,71,-0.032754,0.149408,-0.078932,-0.013902
1,72,0.044860,0.200970,0.105577,0.090207
1,73,0.016283,0.220525,0.029106,0.121939
1,74,-0.007930,0.210846,-0.016552,0.103368
1,75,0.017295,0.231788,0.029603,0.136031
1,76,0.017531,0.253383,0.030221,0.170363
1,77,0.017882,0.275796,0.031016,0.206663
1,78,0.018147,0.298947,0.031674,0.244883
1,79,0.043727,0.355746,0.102392,0.372348
1,80,-0.009582,0.342755,-0.023027,0.340747
1,81,0.044122,0.402000,0.101399,0.476697
1,82,-0.009393,0.388831,-0.023430,0.442098
1,83,-0.036703,0.337856,-0.078448,0.328968
1,84,0.044784,0.397771,0.103125,0.466018
1,85,0.003747,0.403009,0.001564,0.468311
1,86,0.044096,0.464876,0.102424,0.618702
1,87,-0.034821,0.413867,-0.080625,0.488194
1,88,-0.033607,0.366352,-0.078591,0.371235
1,89,-0.006058,0.358075,-0.014767,0.350986
1,90,-0.005248,0.350948,-0.013082,0.333313
1,91,0.003489,0.355662,0.006981,0.342621
1,92,0.003879,0.360921,0.007292,0.352411
1,93,0.004137,0.366552,0.007017,0.361901
1,94,-0.031322,0.323749,-0.082586,0.249427
1,95,-0.005588,0.316352,-0.013146,0.233002
1,96,-0.005229,0.309469,-0.012506,0.217581
1,97,0.003562,0.314134,0.008033,0.227363
1,98,0.046058,0.374660,0.106261,0.357783
1,99,0.018423,0.399986,0.031213,0.400163
1,100,0.019248,0.426932,0.032391,0.445516
1,101,-0.009022,0.414058,-0.021024,0.415125
1,102,0.003927,0.419610,0.001565,0.417340
1,103,-0.007446,0.409040,-0.019787,0.389295
1,104,0.016702,0.432573,0.029151,0.429795
1,105,-0.007010,0.422530,-0.017992,0.404070
1,106,0.044935,0.486451,0.104011,0.550109
1,107,0.004301,0.492844,0.002155,0.553449
1,108,0.044365,0.559073,0.102624,0.712870
1,109,-0.009454,0.544334,-0.021822,0.675491
1,110,-0.036214,0.488408,-0.079058,0.543030
1,111,-0.006759,0.478348,-0.018159,0.515011
1,112,-0.005704,0.469915,-0.015729,0.491182
1,113,-0.030374,0.425269,-0.080938,0.370489
1,114,0.045066,0.489499,0.107079,0.517239
1,115,-0.029838,0.445056,-0.082855,0.391529
1,116,0.044350,0.509144,0.106028,0.539070
1,117,-0.031229,0.462015,-0.082115,0.412690
1,118,-0.030831,0.416940,-0.080056,0.299596
1,119,-0.029141,0.375649,-0.079490,0.196291
1,120,-0.027415,0.337935,-0.079974,0.100619
1,121,0.000868,0.339097,0.010357,0.112018
1,122,0.014044,0.357903,0.022848,0.137426
1,123,0.015755,0.379297,0.025066,0.165936
1,124,-0.030900,0.336677,-0.083954,0.068051
1,125,-0.030079,0.296471,-0.081573,-0.019074
1,126,-0.028412,0.259636,-0.080720,-0.098254
1,127,-0.026875,0.225783,-0.080877,-0.171185
1,128,0.013456,0.242277,0.022103,-0.152865
1,129,-0.004848,0.236255,-0.008069,-0.159701
1,130,-0.005473,0.229488,-0.009957,-0.168069
1,131,-0.005716,0.222460,-0.011529,-0.177660
1,132,0.003098,0.226248,0.009177,-0.170114
1,133,-0.030639,0.188676,-0.083272,-0.239220
1,134,-0.005217,0.182475,-0.012016,-0.248362
1,135,-0.028972,0.148216,-0.082329,-0.310243
1,136,-0.004415,0.143146,-0.009773,-0.316984
1,137,-0.027821,0.111343,-0.082794,-0.373534
1,138,0.014727,0.127709,0.023935,-0.358539
1,139,-0.005254,0.121784,-0.010011,-0.364961
1,140,-0.029230,0.088994,-0.083386,-0.417915
1,141,0.002180,0.091368,0.009772,-0.412227
1,142,0.015910,0.108731,0.025313,-0.397349
1,143,-0.006293,0.101754,-0.012991,-0.405177
1,144,-0.030871,0.067742,-0.082630,-0.454328
1,145,-0.029406,0.036344,-0.081097,-0.498580
1,146,-0.027668,0.007670,-0.080769,-0.539079
1,147,-0.026290,-0.018822,-0.081116,-0.576467
1,148,-0.003545,-0.022300,-0.005885,-0.578959
1,149,0.014065,-0.008549,0.022264,-0.569585
1,150,0.002169,-0.006398,0.011248,-0.564744
1,151,0.002969,-0.003448,0.009806,-0.560476
1,152,-0.031270,-0.034610,-0.083581,-0.597211
1,153,-0.029882,-0.063458,-0.081580,-0.630071
1,154,0.015271,-0.049155,0.024771,-0.620908
1,155,0.044898,-0.006464,0.107576,-0.580126
1,156,0.018044,0.011464,0.029762,-0.567630
1,157,-0.008774,0.002589,-0.017661,-0.575266
1,158,-0.008146,-0.005578,-0.018627,-0.583178
1,159,0.003610,-0.001988,0.003787,-0.581599
1,160,-0.032882,-0.034805,-0.080820,-0.615414
1,161,-0.030525,-0.064268,-0.079916,-0.646149
1,162,-0.004474,-0.068455,-0.011014,-0.650046
1,163,0.014329,-0.055106,0.024479,-0.641480
2,1,0.006138,0.006138,0.000706,0.000706
2,2,0.018388,0.024639,0.032539,0.033268
2,3,0.046592,0.072379,0.101818,0.138474
2,4,0.019410,0.093194,0.035750,0.179175
2,5,-0.037768,0.051906,-0.079388,0.085562
2,6,0.045129,0.099377,0.101903,0.196184
2,7,-0.008497,0.090035,-0.020466,0.171703
2,8,0.004203,0.094617,0.000798,0.172639
2,9,-0.033721,0.057705,-0.079549,0.079357
2,10,-0.006083,0.051271,-0.015623,0.062494
2,11,-0.030111,0.019616,-0.080411,-0.022942
2,12,-0.004612,0.014914,-0.011104,-0.033792
2,13,0.003146,0.018107,0.008397,-0.025679
2,14,0.015297,0.033681,0.025703,-0.000636
2,15,-0.006278,0.027192,-0.013443,-0.014070
2,16,0.045791,0.074228,0.105689,0.090132
2,17,-0.008307,0.065305,-0.017217,0.071363
2,18,0.045394,0.113663,0.103638,0.182397
2,19,0.003477,0.117535,0.001735,0.184448
2,20,-0.035952,0.077358,-0.079876,0.089839
2,21,-0.007081,0.069730,-0.018351,0.069840
2,22,0.003543,0.073520,0.003766,0.073869
2,23,-0.005853,0.067236,-0.015232,0.057512
2,24,-0.005754,0.061096,-0.014665,0.042004
2,25,0.004249,0.065604,0.006172,0.048435
2,26,0.004333,0.070221,0.006235,0.054972
2,27,0.016717,0.088112,0.028354,0.084885
2,28,0.045278,0.137379,0.104640,0.198407
2,29,-0.034230,0.098447,-0.082057,0.100069
2,30,0.017866,0.118071,0.030348,0.133454
2,31,-0.033134,0.081025,-0.080136,0.042624
2,32,-0.031072,0.047436,-0.079157,-0.039907
2,33,0.014545,0.062671,0.025603,-0.015326
2,34,-0.028985,0.031870,-0.081812,-0.095884
2,35,0.002438,0.034386,0.008551,-0.088153
2,36,0.015102,0.050007,0.025136,-0.065233
2,37,0.044670,0.096910,0.106215,0.034053
2,38,0.044025,0.145201,0.104560,0.142174
2,39,-0.010048,0.133694,-0.020825,0.118388
2,40,0.003250,0.137378,0.001068,0.119582
2,41,0.003537,0.141401,0.000862,0.120547
2,42,0.004004,0.145971,0.001259,0.121958
2,43,-0.034360,0.106595,-0.079953,0.032255
2,44,0.003936,0.110951,0.003681,0.036055
2,45,0.003939,0.115327,0.004977,0.041211
2,46,0.044970,0.165483,0.105138,0.150681
2,47,-0.008029,0.156125,-0.016810,0.131338
2,48,-0.007877,0.147019,-0.017966,0.111013
2,49,-0.032994,0.109174,-0.080482,0.021596
2,50,-0.005715,0.102835,-0.014531,0.006751
2,51,0.003430,0.106617,0.006452,0.013247
2,52,-0.029755,0.073690,-0.082231,-0.070074
2,53,-0.028411,0.043186,-0.081270,-0.145649
2,54,0.044818,0.089939,0.109101,-0.052439
2,55,0.016337,0.107746,0.027242,-0.026625
2,56,-0.007805,0.099100,-0.014440,-0.040681
2,57,-0.032323,0.063574,-0.081767,-0.119121
2,58,0.044892,0.111320,0.106084,-0.025674
2,59,0.044033,0.160255,0.104647,0.076287
2,60,0.043459,0.210679,0.103007,0.187152
2,61,0.002775,0.214038,-0.000086,0.187050
2,62,-0.009767,0.202181,-0.024273,0.158236
2,63,0.018202,0.224063,0.031735,0.194992
2,64,-0.007987,0.214287,-0.021868,0.168860
2,65,0.044251,0.268020,0.102320,0.288457
2,66,0.043547,0.323239,0.102025,0.419912
2,67,-0.036795,0.274550,-0.080260,0.305950
2,68,-0.035346,0.229500,-0.078015,0.204067
2,69,-0.006272,0.221789,-0.016462,0.184245
2,70,0.044858,0.276597,0.104898,0.308470
2,71,-0.031188,0.236782,-0.082166,0.200959
2,72,-0.030497,0.199063,-0.080380,0.104425
2,73,0.014887,0.216914,0.025875,0.133002
2,74,0.043948,0.270394,0.106130,0.253248
2,75,0.017576,0.292723,0.030135,0.291015
2,76,0.003324,0.297020,0.003788,0.295905
2,77,-0.008535,0.285950,-0.019657,0.270431
2,78,0.003802,0.290839,0.002675,0.273829
2,79,-0.033656,0.247395,-0.080351,0.171475
2,80,0.044920,0.303428,0.105435,0.294990
2,81,0.016902,0.325458,0.029832,0.333622
2,82,0.043962,0.383728,0.103286,0.471366
2,83,0.019219,0.410322,0.034198,0.521685
2,84,0.003575,0.415363,-0.000429,0.521032
2,85,-0.037363,0.362481,-0.079032,0.400822
2,86,-0.007100,0.352808,-0.019346,0.373722
2,87,-0.032079,0.309411,-0.079370,0.264689
2,88,-0.029335,0.270999,-0.079660,0.163944
2,89,0.013386,0.288013,0.024099,0.191994
2,90,0.044457,0.345274,0.107391,0.320004
2,91,0.017212,0.368429,0.029186,0.358529
2,92,-0.033201,0.322996,-0.082844,0.245983
2,93,-0.032219,0.280371,-0.080229,0.146019
2,94,0.044302,0.337094,0.106665,0.268259
2,95,0.043642,0.395447,0.104982,0.401404
2,96,0.002921,0.399522,0.003671,0.406548
2,97,-0.035032,0.350494,-0.080778,0.292930
2,98,0.002870,0.354371,0.003177,0.297037
2,99,-0.032137,0.310845,-0.080128,0.193108
2,100,0.044597,0.369306,0.106032,0.319615
2,101,0.003133,0.373596,0.005390,0.326728
2,102,0.003658,0.378620,0.004911,0.333243
2,103,-0.032773,0.333439,-0.081230,0.224944
2,104,-0.006257,0.325095,-0.014730,0.206901
2,105,0.015485,0.345614,0.026464,0.238840
2,106,0.016139,0.367331,0.027520,0.272933
2,107,-0.031846,0.323786,-0.082273,0.168205
2,108,0.016213,0.345249,0.027416,0.200232
2,109,-0.030922,0.303650,-0.081498,0.102415
2,110,-0.029483,0.265214,-0.080351,0.013834
2,111,-0.004852,0.259076,-0.009947,0.003749
2,112,0.044626,0.315263,0.108130,0.112285
2,113,0.016929,0.337529,0.028297,0.143759
2,114,0.018307,0.362015,0.030143,0.178236
2,115,-0.034392,0.315173,-0.081795,0.081861
2,116,0.002949,0.319052,0.004258,0.086468
2,117,0.016555,0.340888,0.027913,0.116794
2,118,0.044264,0.400241,0.104305,0.233282
2,119,-0.033949,0.352705,-0.081754,0.132457
2,120,-0.032968,0.308110,-0.079383,0.042559
2,121,-0.030452,0.268275,-0.078859,-0.039656
2,122,0.044234,0.324376,0.107719,0.063792
2,123,-0.029237,0.285655,-0.082625,-0.024104
2,124,0.015683,0.305818,0.026256,0.001519
2,125,0.016278,0.327074,0.026942,0.028502
2,126,-0.007531,0.317080,-0.014944,0.013132
2,127,0.044396,0.375553,0.104763,0.119270
2,128,-0.008654,0.363649,-0.018162,0.098942
2,129,0.018204,0.388473,0.030614,0.132585
2,130,0.003821,0.393779,0.002190,0.135066
2,131,-0.007766,0.382955,-0.019679,0.112729
2,132,0.016974,0.406430,0.029498,0.145552
2,133,-0.007228,0.396263,-0.018465,0.124400
2,134,0.016703,0.419585,0.029259,0.157299
2,135,0.044611,0.482913,0.103717,0.277331
2,136,-0.008789,0.469880,-0.019904,0.251907
2,137,0.004302,0.476203,0.001249,0.253471
2,138,0.017573,0.502144,0.030829,0.292115
2,139,-0.034708,0.450008,-0.080085,0.188636
2,140,0.016211,0.473514,0.028713,0.222766
2,141,-0.031845,0.426590,-0.080445,0.124400
2,142,0.003495,0.431576,0.005388,0.130457
2,143,-0.005692,0.423428,-0.013064,0.115689
2,144,0.003827,0.428875,0.006892,0.123377
2,145,-0.005968,0.420348,-0.013779,0.107898
2,146,-0.030556,0.376948,-0.082209,0.016820
2,147,0.045642,0.439794,0.107336,0.125961
2,148,-0.007155,0.429492,-0.013754,0.110475
2,149,-0.031393,0.384616,-0.081808,0.019629
2,150,0.016305,0.407192,0.027115,0.047276
2,151,0.002936,0.411323,0.006514,0.054098
2,152,0.044834,0.474598,0.105156,0.164943
2,153,-0.008422,0.462178,-0.017386,0.144689
2,154,0.018287,0.488916,0.030740,0.179877
2,155,-0.034473,0.437589,-0.080614,0.084762
2,156,0.016725,0.461632,0.028732,0.115930
2,157,0.003590,0.466880,0.004021,0.120417
2,158,0.004059,0.472834,0.004283,0.125216
2,159,0.016717,0.497454,0.028911,0.157747
2,160,0.044462,0.564034,0.103922,0.278063
2,161,0.018784,0.593412,0.033375,0.320718
2,162,0.004004,0.599792,0.000251,0.321050
2,163,0.043943,0.670092,0.101754,0.455472
3,1,-0.035844,-0.035844,-0.081172,-0.081172
3,2,-0.006355,-0.041971,-0.018881,-0.098521
3,3,-0.031676,-0.072318,-0.080320,-0.170928
3,4,0.003967,-0.068637,0.006087,-0.165881
3,5,-0.028842,-0.095500,-0.081960,-0.234246
3,6,0.045738,-0.054130,0.107807,-0.151692
3,7,0.016777,-0.038261,0.028526,-0.127493
3,8,-0.031796,-0.068840,-0.082725,-0.199671
3,9,0.044422,-0.027476,0.105350,-0.115356
3,10,0.043626,0.014952,0.104083,-0.023280
3,11,-0.034725,-0.020292,-0.081380,-0.102766
3,12,-0.034027,-0.053628,-0.078857,-0.173519
3,13,-0.006394,-0.059679,-0.015106,-0.186004
3,14,0.002630,-0.057206,0.005740,-0.181332
3,15,0.015287,-0.042794,0.026306,-0.159796
3,16,-0.030882,-0.072355,-0.082610,-0.229205
3,17,-0.029695,-0.099901,-0.080982,-0.291626
3,18,0.014593,-0.086766,0.024901,-0.273986
3,19,0.002554,-0.084433,0.008616,-0.267731
3,20,0.016128,-0.069668,0.026455,-0.248359
3,21,0.003566,-0.066350,0.006942,-0.243141
3,22,-0.007214,-0.073085,-0.016151,-0.255365
3,23,0.045546,-0.030867,0.104963,-0.177206
3,24,0.044565,0.012322,0.103851,-0.091758
3,25,0.020079,0.032649,0.035354,-0.059648
3,26,-0.037941,-0.006531,-0.079908,-0.134790
3,27,-0.008060,-0.014538,-0.021124,-0.153067
3,28,0.044759,0.029570,0.103123,-0.065729
3,29,0.017372,0.047456,0.031522,-0.036279
3,30,-0.008524,0.038528,-0.019944,-0.055500
3,31,0.017432,0.056632,0.030738,-0.026468
3,32,-0.007870,0.048317,-0.019743,-0.045689
3,33,0.044569,0.095039,0.103070,0.052672
3,34,-0.008528,0.085700,-0.019865,0.031761
3,35,-0.007995,0.077020,-0.019894,0.011235
3,36,-0.033680,0.040746,-0.079577,-0.069236
3,37,0.015423,0.056797,0.027483,-0.043655
3,38,-0.005912,0.050550,-0.014509,-0.057531
3,39,-0.005907,0.044344,-0.014265,-0.070975
3,40,-0.005807,0.038279,-0.014122,-0.084094
3,41,-0.030323,0.006796,-0.081935,-0.159139
3,42,0.015182,0.022080,0.025882,-0.137376
3,43,-0.005595,0.016362,-0.012283,-0.147971
3,44,-0.029807,-0.013933,-0.082473,-0.218241
3,45,0.045259,0.030696,0.107724,-0.134026
3,46,0.002843,0.033626,0.007045,-0.127926
3,47,0.003381,0.037121,0.005942,-0.122744
3,48,0.003627,0.040883,0.004949,-0.118402
3,49,0.017696,0.059302,0.029493,-0.092401
3,50,-0.007612,0.051239,-0.018351,-0.109057
3,51,-0.033340,0.016191,-0.080513,-0.180789
3,52,-0.005805,0.010292,-0.014919,-0.193011
3,53,0.003593,0.013921,0.006166,-0.188035
3,54,0.015607,0.029746,0.026782,-0.166289
3,55,0.045165,0.076255,0.105265,-0.078528
3,56,0.044266,0.123896,0.103929,0.017239
3,57,-0.010011,0.112645,-0.021664,-0.004799
3,58,0.044645,0.162319,0.101543,0.096257
3,59,-0.009723,0.151017,-0.023762,0.070208
3,60,0.044407,0.202130,0.100965,0.178262
3,61,-0.009326,0.190918,-0.023440,0.150643
3,62,-0.008389,0.180927,-0.022535,0.124713
3,63,-0.034964,0.139637,-0.078620,0.036288
3,64,0.044794,0.190686,0.104347,0.144422
3,65,-0.031651,0.153000,-0.081046,0.051671
3,66,0.003366,0.156881,0.004712,0.056627
3,67,0.003378,0.160789,0.005412,0.062346
3,68,-0.006424,0.153332,-0.014551,0.046888
3,69,0.016165,0.171976,0.027562,0.075743
3,70,-0.031725,0.134795,-0.082022,-0.012492
3,71,-0.005978,0.128011,-0.013727,-0.026048
3,72,-0.029724,0.094482,-0.081277,-0.105208
3,73,0.002716,0.097455,0.008261,-0.097815
3,74,-0.004942,0.092031,-0.010922,-0.107669
3,75,-0.005200,0.086353,-0.011575,-0.117997
3,76,0.046154,0.136493,0.106819,-0.023782
3,77,0.003539,0.140515,0.006414,-0.017521
3,78,0.045359,0.192248,0.104013,0.084670
3,79,-0.009383,0.181061,-0.020439,0.062500
3,80,0.019091,0.203609,0.032185,0.096696
3,81,-0.008425,0.193468,-0.021314,0.073320
3,82,0.017606,0.214480,0.030584,0.106146
3,83,0.017407,0.235620,0.030804,0.140220
3,84,0.017618,0.257390,0.031384,0.176005
3,85,0.017875,0.279866,0.031909,0.213530
3,86,0.004641,0.285805,0.000201,0.213774
3,87,0.004641,0.291773,0.000269,0.214101
3,88,0.017238,0.314041,0.030760,0.251446
3,89,0.017319,0.336799,0.031107,0.290375
3,90,0.017604,0.360332,0.031620,0.331176
3,91,0.004766,0.366815,0.000116,0.331331
3,92,-0.008093,0.355753,-0.020959,0.303428
3,93,-0.034452,0.309045,-0.079320,0.200040
3,94,0.004083,0.314389,0.003315,0.204019
3,95,-0.005574,0.307063,-0.014326,0.186770
3,96,0.045157,0.366087,0.105639,0.312140
3,97,0.004061,0.371634,0.004690,0.318294
3,98,0.018002,0.396326,0.030797,0.358893
3,99,-0.008355,0.384660,-0.019248,0.332737
3,100,0.017706,0.409177,0.030261,0.373068
3,101,-0.034197,0.360988,-0.080472,0.262575
3,102,-0.031911,0.317557,-0.079180,0.162604
3,103,0.003002,0.321513,0.005765,0.169306
3,104,0.014664,0.340892,0.025547,0.199179
3,105,0.003721,0.345881,0.007200,0.207813
3,106,-0.006525,0.337098,-0.014402,0.190419
3,107,0.004070,0.342541,0.006371,0.198003
3,108,-0.006470,0.333854,-0.015543,0.179382
3,109,0.045968,0.395169,0.105309,0.303582
3,110,0.003964,0.400700,0.004095,0.308920
3,111,-0.034095,0.352943,-0.081088,0.202782
3,112,0.003460,0.357624,0.003961,0.207547
3,113,0.045039,0.418769,0.104753,0.334041
3,114,0.017811,0.444039,0.031367,0.375885
3,115,0.018524,0.470787,0.032253,0.420262
3,116,0.003889,0.476507,0.001057,0.421764
3,117,0.018206,0.503388,0.031731,0.466878
3,118,0.018028,0.530490,0.031872,0.513630
3,119,-0.008474,0.517521,-0.021753,0.480704
3,120,0.004583,0.524477,0.000556,0.481527
3,121,0.016742,0.550000,0.029917,0.525850
3,122,0.044061,0.618294,0.102997,0.683007
3,123,-0.008939,0.603828,-0.020873,0.647879
3,124,0.044348,0.674955,0.102026,0.816005
3,125,0.003979,0.681619,-0.000868,0.814429
3,126,0.043924,0.755482,0.101250,0.998140
3,127,0.019049,0.788922,0.035144,1.068362
3,128,0.043364,0.866497,0.100362,1.275947
3,129,-0.039291,0.793161,-0.078855,1.096477
3,130,-0.008337,0.778211,-0.022962,1.048338
3,131,0.003772,0.784918,0.000084,1.048511
3,132,0.044499,0.864344,0.102920,1.259344
3,133,-0.008077,0.849286,-0.018669,1.217165
3,134,0.044404,0.931402,0.102461,1.444338
3,135,0.043701,1.015805,0.102013,1.693691
3,136,0.003555,1.022972,-0.001444,1.689801
3,137,0.043706,1.111387,0.100470,1.960046
3,138,-0.038769,1.029530,-0.079019,1.726146
3,139,-0.008195,1.012898,-0.022240,1.665518
3,140,0.003638,1.020221,0.000693,1.667366
3,141,0.015687,1.051913,0.028567,1.743566
3,142,0.044318,1.142850,0.103296,2.026964
3,143,-0.034129,1.069716,-0.081553,1.780107
3,144,0.017058,1.105022,0.029984,1.863466
3,145,0.044094,1.197841,0.103329,2.159344
3,146,0.018268,1.237990,0.032847,2.263119
3,147,0.003774,1.246438,0.000395,2.264410
3,148,-0.008695,1.226906,-0.021786,2.193290
3,149,0.017204,1.265218,0.030371,2.290273
3,150,-0.007574,1.248062,-0.019870,2.224894
3,151,-0.006984,1.232362,-0.018681,2.164651
3,152,0.004596,1.242622,0.003104,2.174473
3,153,0.016072,1.278665,0.028485,2.264899
3,154,-0.006950,1.262829,-0.017025,2.209315
3,155,-0.032411,1.189488,-0.080938,1.949559
3,156,-0.005657,1.177102,-0.014017,1.908216
3,157,0.015135,1.210053,0.026216,1.984459
3,158,-0.030152,1.143415,-0.082411,1.738507
3,159,-0.005472,1.131686,-0.011872,1.705995
3,160,-0.005289,1.120412,-0.011672,1.674411
3,161,0.003403,1.127627,0.008336,1.696706
3,162,-0.029876,1.064062,-0.082961,1.472984
3,163,-0.028686,1.004852,-0.081547,1.271320
4,1,-0.035844,-0.035844,-0.081172,-0.081172
4,2,0.048267,0.010693,0.102906,0.013381
4,3,-0.033192,-0.022854,-0.080822,-0.068522
4,4,-0.006743,-0.029442,-0.016502,-0.083893
4,5,-0.005988,-0.035253,-0.015096,-0.097723
4,6,0.003937,-0.031456,0.005675,-0.092602
4,7,0.004189,-0.027399,0.006059,-0.087104
4,8,-0.030964,-0.057515,-0.082066,-0.162022
4,9,0.015631,-0.042783,0.026803,-0.139562
4,10,0.044937,0.000231,0.105995,-0.048360
4,11,-0.032057,-0.031833,-0.082747,-0.127105
4,12,0.044502,0.011252,0.104761,-0.035659
4,13,-0.008683,0.002471,-0.017089,-0.052138
4,14,-0.033356,-0.030967,-0.080222,-0.128178
4,15,0.044659,0.012309,0.104846,-0.036771
4,16,-0.031828,-0.019911,-0.081103,-0.114892
4,17,0.002782,-0.017185,0.004986,-0.110479
4,18,-0.030775,-0.047431,-0.080631,-0.182202
4,19,-0.029159,-0.075207,-0.080070,-0.247683
4,20,0.044133,-0.034393,0.108391,-0.166138
4,21,0.043624,0.007730,0.106180,-0.077599
4,22,-0.008874,-0.001212,-0.015891,-0.092256
4,23,0.003136,0.001920,0.004068,-0.088563
4,24,0.044779,0.046785,0.103072,0.005381
4,25,0.043950,0.092792,0.102392,0.108323
4,26,-0.037304,0.052027,-0.080470,0.019137
4,27,-0.035845,0.014317,-0.078035,-0.060391
4,28,0.002752,0.017109,0.002330,-0.058202
4,29,0.015208,0.032577,0.027125,-0.032656
4,30,-0.006250,0.026124,-0.015116,-0.047278
4,31,0.004130,0.030362,0.005429,-0.042106
4,32,0.016442,0.047304,0.028248,-0.015047
4,33,-0.007097,0.039871,-0.016657,-0.031454
4,34,-0.006843,0.032756,-0.016774,-0.047700
4,35,0.045545,0.079793,0.104857,0.052155
4,36,-0.033019,0.044139,-0.081896,-0.034012
4,37,-0.007157,0.036667,-0.016221,-0.049681
4,38,0.045078,0.083398,0.104882,0.049990
4,39,0.017686,0.102559,0.031033,0.082575
4,40,0.018411,0.122858,0.031970,0.117185
4,41,0.018645,0.143794,0.032451,0.153439
4,42,-0.036250,0.102331,-0.079963,0.061206
4,43,-0.033848,0.065020,-0.078363,-0.021953
4,44,-0.005561,0.059097,-0.014556,-0.036190
4,45,0.014427,0.074376,0.025619,-0.011498
4,46,0.044700,0.122401,0.105607,0.092895
4,47,0.003828,0.126697,0.004899,0.098249
4,48,-0.008344,0.117296,-0.018290,0.078162
4,49,-0.007618,0.108785,-0.018448,0.058272
4,50,0.004011,0.113233,0.003818,0.062312
4,51,0.004235,0.117948,0.004185,0.066758
4,52,0.045246,0.168531,0.104349,0.178073
4,53,-0.033620,0.129245,-0.081823,0.081680
4,54,-0.032544,0.092495,-0.079508,-0.004323
4,55,-0.030106,0.059604,-0.078989,-0.082971
4,56,0.044408,0.106659,0.107894,0.015971
4,57,-0.006581,0.099376,-0.011892,0.003889
4,58,0.044628,0.148439,0.105049,0.109347
4,59,0.018519,0.169707,0.031481,0.144270
4,60,-0.034878,0.128911,-0.081371,0.051160
4,61,-0.033378,0.091229,-0.079120,-0.032008
4,62,-0.030546,0.057897,-0.078837,-0.108321
4,63,-0.028038,0.028235,-0.079641,-0.179335
4,64,-0.003672,0.024459,-0.007901,-0.185820
4,65,0.001971,0.026479,0.010624,-0.177170
4,66,0.002832,0.029386,0.010562,-0.168479
4,67,0.046159,0.076901,0.106915,-0.079577
4,68,-0.007951,0.068338,-0.015475,-0.093820
4,69,0.045851,0.117322,0.104206,0.000609
4,70,0.019899,0.139556,0.033498,0.034127
4,71,0.019962,0.162304,0.033887,0.069170
4,72,0.003525,0.166402,-0.000371,0.068774
4,73,-0.008637,0.156327,-0.023033,0.044157
4,74,0.017356,0.176396,0.030568,0.076075
4,75,0.043994,0.228150,0.102473,0.186344
4,76,-0.008879,0.217246,-0.021354,0.161011
4,77,0.017855,0.238980,0.031860,0.198001
4,78,-0.008223,0.228792,-0.021112,0.172709
4,79,0.044499,0.283472,0.102512,0.292926
4,80,0.043745,0.339618,0.102127,0.424968
4,81,-0.036854,0.290248,-0.080155,0.310750
4,82,0.044477,0.347634,0.101610,0.443935
4,83,0.018134,0.372072,0.033234,0.491922
4,84,-0.009072,0.359624,-0.021830,0.459354
4,85,-0.008089,0.348627,-0.021009,0.428694
4,86,0.004224,0.354323,0.001277,0.430518
4,87,-0.033131,0.309454,-0.080004,0.316072
4,88,-0.030628,0.269348,-0.079450,0.211509
4,89,0.044526,0.325867,0.107514,0.341763
4,90,-0.006588,0.317132,-0.012449,0.325060
4,91,0.003572,0.321838,0.006481,0.333648
4,92,0.003697,0.326725,0.005913,0.341533
4,93,0.045273,0.386790,0.104527,0.481760
4,94,-0.008561,0.374918,-0.018470,0.454392
4,95,-0.008099,0.363783,-0.019310,0.426308
4,96,-0.033635,0.317912,-0.080015,0.312182
4,97,0.015846,0.338796,0.027521,0.348294
4,98,0.003629,0.343655,0.005382,0.355550
4,99,0.044982,0.404095,0.104895,0.497740
4,100,-0.008245,0.392518,-0.017355,0.471746
4,101,0.004033,0.398135,0.003269,0.476556
4,102,0.004038,0.403780,0.002956,0.480921
4,103,-0.007234,0.393625,-0.018461,0.453582
4,104,0.004384,0.399735,0.003518,0.458696
4,105,0.016580,0.422943,0.028881,0.500825
4,106,0.004591,0.429475,0.003636,0.506282
4,107,-0.007196,0.419188,-0.017828,0.479427
4,108,0.016843,0.443091,0.029150,0.522552
4,109,-0.032965,0.395519,-0.081089,0.399090
4,110,0.003892,0.400950,0.004755,0.405743
4,111,0.003812,0.406291,0.005511,0.413489
4,112,0.016105,0.428939,0.027714,0.452663
4,113,-0.031737,0.383589,-0.082056,0.333463
4,114,-0.006136,0.375099,-0.013835,0.315015
4,115,0.015614,0.396570,0.026529,0.349901
4,116,0.016325,0.419369,0.027633,0.387203
4,117,-0.031845,0.374170,-0.082308,0.273026
4,118,0.044754,0.435670,0.106034,0.408010
4,119,0.043915,0.498717,0.104622,0.555319
4,120,-0.009558,0.484392,-0.019128,0.525570
4,121,-0.035297,0.431997,-0.079946,0.403607
4,122,-0.032888,0.384902,-0.078614,0.293263
4,123,0.002530,0.388407,0.005102,0.299862
4,124,0.002999,0.392570,0.006734,0.308615
4,125,-0.005362,0.385103,-0.012761,0.291915
4,126,0.003898,0.390502,0.007496,0.301600
4,127,0.004069,0.396160,0.007153,0.310910
4,128,0.045959,0.460326,0.105341,0.449002
4,129,0.003948,0.466092,0.004282,0.455207
4,130,-0.034550,0.415438,-0.081201,0.337042
4,131,0.017260,0.439869,0.029226,0.376119
4,132,0.044667,0.504184,0.104199,0.519510
4,133,0.043758,0.570005,0.103121,0.676203
4,134,-0.035991,0.513499,-0.080992,0.540444
4,135,0.018176,0.541009,0.031540,0.589029
4,136,0.017496,0.567970,0.030835,0.638027
4,137,-0.008143,0.555203,-0.019801,0.605593
4,138,0.004124,0.561617,0.001850,0.608563
4,139,0.004306,0.568341,0.002419,0.612455
4,140,0.044380,0.637944,0.103611,0.779524
4,141,-0.008494,0.624030,-0.019349,0.745092
4,142,-0.034578,0.567875,-0.079997,0.605489
4,143,0.044913,0.638293,0.104368,0.773052
4,144,0.044038,0.710439,0.103469,0.956508
4,145,-0.009358,0.694433,-0.019691,0.917982
4,146,-0.008701,0.679689,-0.020591,0.878489
4,147,0.017314,0.708771,0.030293,0.935395
4,148,0.017173,0.738117,0.030459,0.994345
4,149,0.004404,0.745772,0.001609,0.997554
4,150,-0.007664,0.732392,-0.019640,0.958323
4,151,0.004580,0.740326,0.002315,0.962857
4,152,-0.006773,0.728539,-0.017815,0.927889
4,153,-0.006351,0.717562,-0.016775,0.895549
4,154,0.045280,0.795333,0.104894,1.094380
4,155,0.017630,0.826984,0.031373,1.160088
4,156,0.044273,0.907869,0.102878,1.382314
4,157,0.043578,0.991010,0.101959,1.625213
4,158,0.043226,1.077073,0.100825,1.889900
4,159,-0.010893,1.054447,-0.028036,1.808880
4,160,0.019427,1.094358,0.034875,1.906839
4,161,0.043678,1.185836,0.099637,2.196470
4,162,0.043024,1.279878,0.099682,2.515100
4,163,0.019552,1.324454,0.037440,2.646706
5,1,0.018385,0.018385,0.032831,0.032831
5,2,0.005831,0.024323,0.000309,0.033150
5,3,0.018384,0.043154,0.032857,0.067097
5,4,-0.035830,0.005777,-0.079869,-0.018131
5,5,-0.033085,-0.027498,-0.078547,-0.095254
5,6,-0.005027,-0.032387,-0.014018,-0.107937
5,7,-0.004607,-0.036845,-0.012253,-0.118867
5,8,0.014817,-0.022574,0.025881,-0.096063
5,9,-0.029798,-0.051699,-0.083154,-0.171229
5,10,0.003213,-0.048652,0.008126,-0.164495
5,11,0.003248,-0.045563,0.008106,-0.157723
5,12,0.003674,-0.042056,0.007720,-0.151220
5,13,-0.006332,-0.048121,-0.014464,-0.163498
5,14,-0.006184,-0.054008,-0.014853,-0.175922
5,15,-0.030913,-0.083251,-0.081965,-0.243467
5,16,-0.005012,-0.087846,-0.012314,-0.252783
5,17,0.015362,-0.073833,0.025680,-0.233595
5,18,0.003568,-0.070529,0.007931,-0.227516
5,19,0.045643,-0.028105,0.105700,-0.145865
5,20,0.044646,0.015285,0.104281,-0.056795
5,21,0.043956,0.059914,0.102656,0.040031
5,22,0.002807,0.062889,-0.001601,0.038365
5,23,0.043967,0.109621,0.100139,0.142347
5,24,0.002954,0.112899,-0.003996,0.137782
5,25,0.043509,0.161321,0.099635,0.251145
5,26,-0.009725,0.150027,-0.026349,0.218179
5,27,-0.038448,0.105811,-0.077695,0.123532
5,28,-0.006731,0.098367,-0.019930,0.101141
5,29,0.014943,0.114780,0.027653,0.131590
5,30,-0.031570,0.079587,-0.081108,0.039809
5,31,-0.005475,0.073677,-0.013284,0.025996
5,32,0.003605,0.077547,0.006795,0.032967
5,33,0.045278,0.126336,0.105992,0.142453
5,34,0.017806,0.146392,0.030720,0.177550
5,35,0.044351,0.197235,0.103347,0.299246
5,36,-0.036295,0.153781,-0.081303,0.193613
5,37,-0.008400,0.144090,-0.020114,0.169604
5,38,0.003204,0.147756,0.002512,0.172543
5,39,-0.032374,0.110598,-0.080284,0.078406
5,40,0.003372,0.114342,0.005386,0.084215
5,41,-0.029693,0.081254,-0.081475,-0.004121
5,42,0.044829,0.129725,0.107519,0.102954
5,43,-0.006968,0.121853,-0.012805,0.088830
5,44,0.044874,0.172195,0.104911,0.203060
5,45,-0.008807,0.161872,-0.017502,0.182005
5,46,-0.008277,0.152255,-0.018758,0.159833
5,47,0.003686,0.156503,0.003375,0.163748
5,48,0.004012,0.161143,0.003636,0.167979
5,49,-0.032731,0.123137,-0.080878,0.073515
5,50,0.045198,0.173901,0.105719,0.187006
5,51,0.044225,0.225817,0.104467,0.311009
5,52,0.003533,0.230148,0.002498,0.314283
5,53,-0.035489,0.186492,-0.080313,0.208729
5,54,0.003183,0.190268,0.002424,0.211659
5,55,0.044550,0.243294,0.103862,0.337505
5,56,0.017603,0.265180,0.031458,0.379580
5,57,0.018283,0.288311,0.032250,0.424071
5,58,0.018498,0.312142,0.032618,0.470522
5,59,0.018505,0.336424,0.032786,0.518734
5,60,0.043410,0.394438,0.101515,0.672907
5,61,0.042969,0.454356,0.101049,0.841954
5,62,0.019964,0.483391,0.037298,0.910655
5,63,0.043160,0.547414,0.099464,1.100697
5,64,0.003361,0.552615,-0.005945,1.088208
5,65,-0.009428,0.537977,-0.027684,1.030399
5,66,0.017362,0.564679,0.032064,1.095501
5,67,-0.007805,0.552467,-0.022837,1.047646
5,68,-0.007117,0.541418,-0.020574,1.005518
5,69,0.004832,0.548867,0.001501,1.008530
5,70,0.015691,0.573170,0.028592,1.065957
5,71,0.016399,0.598969,0.029499,1.126900
5,72,-0.033620,0.545212,-0.081212,0.954170
5,73,-0.006616,0.534989,-0.015874,0.923150
5,74,0.015535,0.558834,0.027160,0.975381
5,75,-0.006394,0.548866,-0.014828,0.946091
5,76,0.004226,0.555412,0.005628,0.957043
5,77,0.004273,0.562058,0.005511,0.967828
5,78,-0.031852,0.512304,-0.081774,0.806911
5,79,0.045381,0.580935,0.106370,0.999113
5,80,0.017295,0.608277,0.029837,1.058761
5,81,-0.032958,0.555272,-0.081616,0.890733
5,82,0.003087,0.560073,0.004586,0.899403
5,83,0.003239,0.565127,0.004981,0.908864
5,84,0.044736,0.635144,0.104749,1.108815
5,85,0.018071,0.664693,0.031623,1.175503
5,86,0.018765,0.695930,0.032512,1.246233
5,87,0.043765,0.770154,0.102114,1.475604
5,88,-0.037529,0.703721,-0.080066,1.277393
5,89,-0.035660,0.642967,-0.077898,1.099989
5,90,0.015752,0.668846,0.028155,1.159114
5,91,0.044478,0.743073,0.104168,1.384025
5,92,0.043679,0.819208,0.103159,1.629958
5,93,0.003537,0.825643,0.001032,1.632672
5,94,0.043758,0.905529,0.101223,1.899158
5,95,-0.037806,0.833489,-0.079827,1.667726
5,96,0.044365,0.914832,0.101488,1.938468
5,97,0.018051,0.949396,0.032896,2.035133
5,98,-0.035952,0.879311,-0.079357,1.794273
5,99,0.003534,0.885952,0.001118,1.797397
5,100,0.044172,0.969259,0.103303,2.086375
5,101,0.017274,1.003276,0.031578,2.183836
5,102,-0.008723,0.985802,-0.019978,2.120231
5,103,0.017488,1.020529,0.030791,2.216304
5,104,-0.034720,0.950376,-0.080081,1.958741
5,105,0.003867,0.957919,0.002960,1.967499
5,106,-0.031391,0.896458,-0.080304,1.729197
5,107,-0.029286,0.840918,-0.079966,1.510954
5,108,-0.027405,0.790468,-0.080309,1.309301
5,109,-0.003757,0.783741,-0.007397,1.292218
5,110,0.044640,0.863367,0.109182,1.542487
5,111,0.044252,0.945825,0.106592,1.813495
5,112,0.002878,0.951424,0.005740,1.829644
5,113,0.044604,1.038466,0.102884,2.120770
5,114,0.002842,1.044260,0.000839,2.123389
5,115,-0.037739,0.967111,-0.079604,1.874756
5,116,0.017463,1.001463,0.029953,1.960863
5,117,0.044437,1.090401,0.102980,2.265771
5,118,-0.008549,1.072531,-0.019463,2.202210
5,119,0.004065,1.080956,0.001546,2.207161
5,120,0.044368,1.173285,0.102606,2.536236
5,121,0.018338,1.213139,0.033235,2.653763
5,122,-0.009113,1.192971,-0.022140,2.572867
5,123,0.044238,1.289984,0.101789,2.936547
5,124,0.018483,1.332309,0.033824,3.069696
5,125,-0.009147,1.310976,-0.023155,2.975464
5,126,0.044142,1.412987,0.101421,3.378658
5,127,0.018323,1.457199,0.033907,3.527126
5,128,0.018510,1.502681,0.033885,3.680527
5,129,0.043495,1.611536,0.100721,4.151956
5,130,0.004017,1.622026,-0.003289,4.135010
5,131,-0.038595,1.520831,-0.078278,3.733052
5,132,-0.007293,1.502447,-0.020733,3.634923
5,133,-0.032726,1.420552,-0.078849,3.269463
5,134,-0.004872,1.408760,-0.013503,3.211812
5,135,0.044958,1.517053,0.106329,3.659650
5,136,-0.006999,1.499435,-0.013949,3.594652
5,137,0.003937,1.509276,0.005549,3.620148
5,138,0.045205,1.622709,0.104165,4.101405
5,139,-0.008740,1.599787,-0.018853,4.005227
5,140,-0.008197,1.578477,-0.019603,3.907110
5,141,-0.033762,1.491422,-0.079917,3.514950
5,142,-0.005709,1.477200,-0.015238,3.446151
5,143,0.015120,1.514656,0.026383,3.563453
5,144,0.045041,1.627918,0.105381,4.044355
5,145,0.003900,1.638165,0.004451,4.066805
5,146,0.044549,1.755693,0.103145,4.589420
5,147,-0.009548,1.729383,-0.021338,4.470151
5,148,0.003740,1.739592,0.000632,4.473607
5,149,-0.007879,1.718006,-0.020905,4.359180
5,150,-0.034097,1.625330,-0.079442,3.933437
5,151,0.015350,1.665630,0.027399,4.068606
5,152,0.044689,1.784753,0.104981,4.600713
5,153,-0.007948,1.762620,-0.016620,4.507629
5,154,-0.033172,1.670977,-0.080991,4.061562
5,155,-0.031301,1.587374,-0.079541,3.658962
5,156,-0.005050,1.574307,-0.011987,3.603114
5,157,0.014479,1.611581,0.024882,3.717649
5,158,0.044837,1.728678,0.106309,4.219175
5,159,0.044114,1.849049,0.104648,4.765349
5,160,-0.009799,1.821133,-0.019980,4.650157
5,161,0.003311,1.830473,0.001571,4.659035
5,162,0.003545,1.840508,0.001266,4.666201
5,163,-0.035004,1.741078,-0.079821,4.213918
